Name,BSE Code,NSE Code,Industry,Current Price,Price to Earning,Market Capitalization,Return on capital employed,EPS last year,Return on equity,Book value,Price to book value,Graham Number,Historical PE 7Years,Current ratio,PEG Ratio,Debt to equity,Altman Z Score,Piotroski score,NPM last year,Sales growth 3Years,EPS,Industry PE,Quick ratio,Debtor days,Number of equity shares,Intrinsic Value,Enterprise Value,Pledged percentage,Promoter holding,Earnings yield,Free cash flow 3years,G Factor,Return on assets
20 Microns,533022,20MICRONS,Mining / Minerals / Metals,222.09,12.72,783.68,21.70,15.89,17.75,108.72,2.04,205.30,8.42,1.75,0.71,0.34,4.99,8.00,7.39,17.15,17.23,17.64,1.04,58.93,3.53,267.48,898.50,0.00,45.04,11.40,98.43,6.00,10.35
3M India,523395,3MINDIA,Diversified - Large,29680.00,60.24,33449.36,33.04,476.05,24.81,1478.47,20.07,4049.32,75.83,2.19,5.66,0.01,23.24,9.00,13.64,17.50,492.91,14.24,1.52,63.12,1.13,3800.52,32832.21,0.00,75.00,2.31,1183.71,3.00,16.97
A B B,500002,ABB,Electric Equipment,5820.00,65.28,123330.67,38.65,88.33,28.82,333.90,17.43,817.94,94.32,2.04,1.62,0.01,18.93,8.00,15.39,20.68,89.05,44.87,1.70,89.35,21.19,1569.54,117874.73,0.00,75.00,2.16,2880.54,3.00,16.04
Action Const.Eq.,532762,ACE,Engineering,1259.00,38.53,14992.57,42.30,27.56,30.58,116.19,10.84,292.27,27.53,1.33,0.90,0.08,13.56,8.00,11.28,33.41,32.67,35.65,0.76,20.58,11.91,766.47,15042.38,0.00,65.41,3.70,565.25,6.00,17.44
Adani Power,533096,ADANIPOWER,Power Generation And Supply,565.50,17.11,218109.90,22.52,33.55,25.63,146.09,3.87,332.07,15.46,1.60,0.26,0.70,5.08,8.00,22.68,26.58,33.55,27.70,1.40,84.57,385.69,458.30,251484.89,1.81,74.96,7.83,26713.17,4.00,12.44
AGI Greenpac,500187,AGI,Packaging,837.10,16.80,5415.82,20.13,49.84,16.48,324.24,2.58,602.98,13.98,1.71,0.36,0.26,4.77,9.00,12.75,20.94,49.84,22.86,1.17,57.21,6.47,508.37,5604.89,0.00,60.24,9.13,744.84,5.00,9.41
Alkem Lab,539523,ALKEM,Pharmaceuticals - Indian - Bulk Drugs & Formln,5221.00,28.87,62424.89,19.68,150.19,19.56,961.22,5.43,1973.52,29.07,2.66,1.45,0.13,8.59,9.00,15.08,12.63,180.08,30.75,1.97,64.91,11.96,2339.51,61950.54,0.00,55.13,4.25,3997.09,0.00,13.02
Amal,506597,,Chemicals,535.05,22.58,661.46,35.95,23.69,34.65,80.23,6.67,206.80,85.39,1.89,0.83,0.00,12.08,9.00,21.64,46.00,23.69,29.91,1.61,26.84,1.24,444.30,658.05,0.00,71.35,5.27,32.30,5.00,25.69
Amines & Plast.,506248,AMNPLST,Chemicals,209.97,28.08,1155.25,23.30,7.24,19.78,42.86,4.90,84.91,20.15,2.20,1.45,0.34,7.98,9.00,6.16,13.55,7.48,29.91,1.37,55.25,5.50,105.68,1198.70,0.00,73.17,5.49,10.86,2.00,10.86
Amrutanjan Healt,590006,AMRUTANJAN,Pharmaceuticals - Indian - Formulations,703.35,40.00,2033.43,22.41,17.58,16.53,112.97,6.23,211.40,41.41,3.44,2.64,0.01,11.01,8.00,11.25,3.64,17.58,37.12,3.11,45.09,2.89,343.34,1952.35,0.00,46.52,3.55,48.09,3.00,12.90
Anuh Pharma,506260,ANUHPHR,Pharmaceuticals - Indian - Bulk Drugs,180.68,18.02,905.42,25.58,11.99,19.49,60.49,2.99,116.82,18.37,2.43,0.96,0.05,6.80,8.00,8.02,14.42,10.03,26.98,1.88,107.16,5.01,159.68,914.07,0.00,69.92,7.02,87.71,4.00,12.20
Arrow Greentech,516064,ARROWGREEN,Plastics Products,605.75,14.50,913.95,53.76,41.84,39.99,124.78,4.85,342.74,23.80,10.34,0.27,0.00,11.61,9.00,25.89,93.34,41.84,26.80,8.97,43.96,1.51,1144.94,868.82,0.00,64.81,9.92,67.78,6.00,35.62
Aryaman Capital,538716,,Finance & Investments,245.00,12.80,293.44,31.67,19.14,38.69,64.61,3.79,166.83,68.42,13.15,0.06,0.36,7.13,8.00,30.74,0.58,19.14,21.48,10.08,1.08,1.20,128.61,271.39,0.00,74.28,11.25,43.29,6.00,22.15
Aspira Pathlab,540788,,Healthcare,53.25,26.48,54.81,17.15,2.01,23.75,11.86,4.49,23.17,21.14,2.26,1.32,0.26,7.96,8.00,9.41,4.03,2.01,48.04,2.05,38.99,1.03,38.67,55.87,0.00,18.39,4.35,2.35,4.00,12.85
B & A Packaging,523186,,Packaging,284.55,11.76,141.14,20.38,23.08,16.69,160.02,1.78,295.13,11.76,3.57,0.62,0.05,5.66,8.00,8.89,9.75,24.19,22.86,2.24,64.07,0.50,312.27,129.83,0.00,72.37,11.98,20.96,3.00,12.23
Bayer Crop Sci.,506285,BAYERCROP,Pesticides / Agrochemicals - Multinational,5040.70,43.51,22653.96,33.91,164.77,26.70,685.82,7.35,1337.09,38.29,2.22,2.56,0.01,9.68,9.00,14.55,6.19,115.86,43.51,1.57,68.67,4.49,2295.03,21770.06,0.00,71.43,3.04,1617.10,3.00,16.01
Beacon Trust.,,BEACON,Finance & Investments,78.90,27.62,142.53,42.62,3.64,31.10,24.27,3.25,44.56,28.71,4.19,,0.00,7.01,8.00,24.71,55.16,3.64,21.48,4.19,58.04,1.81,200.09,139.67,0.00,46.15,5.06,2.22,4.00,20.84
Bemco Hydraulics,522650,,Engineering,2160.00,37.67,472.33,23.90,57.35,20.04,320.67,6.74,643.24,26.48,1.32,0.24,0.27,7.82,9.00,12.52,15.19,57.35,35.65,0.93,140.21,0.22,1080.13,482.46,0.00,74.69,4.11,12.12,5.00,9.78
Bharat Electron,500049,BEL,Electronics - Components,363.90,53.30,266002.85,34.61,5.45,26.27,24.16,15.06,60.93,21.43,1.62,3.33,0.00,12.84,9.00,19.57,12.83,6.83,73.22,1.17,133.13,730.98,89.55,257747.41,0.00,51.14,2.57,8286.06,5.00,10.57
Bharat Seats,523229,BHARATSE,Auto Ancillaries,103.95,19.96,652.81,15.69,5.21,18.10,30.98,3.36,60.25,16.88,0.80,0.95,0.78,4.23,8.00,2.54,16.38,5.21,26.61,0.63,55.69,6.28,92.45,801.55,0.00,74.66,6.59,-4.99,5.00,5.67
Bhatia Communic.,540956,,Trading,23.80,21.48,297.86,21.14,0.92,19.10,6.58,3.62,12.81,27.54,3.01,1.19,0.19,9.00,8.00,2.78,33.78,1.11,47.36,0.87,5.39,12.52,22.53,304.93,0.00,73.88,6.67,19.52,6.00,10.69
Bio Green Papers,534535,,Computers - Software - Medium / Small,134.42,44.40,1565.08,25.96,1.82,25.97,8.33,16.13,18.49,52.11,14.07,0.36,0.00,20.07,8.00,8.65,,1.82,30.73,14.07,1.35,11.64,13.34,1555.23,0.00,81.79,2.27,-60.63,3.00,25.16
Blue Star,500067,BLUESTARCO,Air-conditioners,1563.20,55.24,32141.70,26.05,28.75,20.50,149.07,10.49,310.55,56.82,1.28,1.72,0.12,8.76,8.00,4.86,25.43,28.75,66.10,0.84,59.76,20.56,643.51,32090.78,0.00,36.47,2.56,201.70,5.00,7.83
Bombay Burmah,501425,BBTC,Auto Ancillaries,1909.20,11.82,13320.85,35.46,160.90,21.87,807.16,2.37,1709.43,16.69,1.07,0.87,0.28,4.68,9.00,12.07,8.05,160.90,26.61,0.75,10.28,6.98,2185.47,14352.54,0.00,74.05,22.48,5682.57,5.00,17.89
Bosch,500530,BOSCHLTD,Auto Ancillaries,31655.00,46.15,93362.12,20.61,844.42,15.97,4318.84,7.33,8166.33,39.11,1.81,15.91,0.00,10.73,8.00,11.02,19.84,686.28,26.61,1.45,47.61,2.95,10624.46,90237.82,0.00,70.54,2.91,1364.60,3.00,10.96
Britannia Inds.,500825,BRITANNIA,Food - Processing - MNC,5501.50,60.33,132513.69,53.01,90.45,52.94,180.83,30.42,606.66,56.62,1.08,6.47,0.29,27.97,8.00,12.24,8.27,90.45,60.33,0.74,9.13,24.09,1051.14,133447.72,0.00,50.55,2.32,6079.54,3.00,24.53
BSE,,BSE,Miscellaneous,7279.00,74.82,98540.45,43.54,97.94,34.09,326.77,22.28,848.59,32.47,1.59,1.17,0.00,17.03,8.00,41.00,56.33,97.94,55.54,1.59,35.19,13.54,1986.58,93356.61,0.00,0.00,1.87,2688.06,6.00,13.31
C D S L,,CDSL,Miscellaneous,1408.80,55.94,29443.92,41.93,25.20,32.65,84.23,16.73,218.52,39.53,3.48,1.48,0.00,24.93,8.00,48.63,25.21,25.20,55.54,3.48,17.82,20.90,821.34,29272.71,0.00,15.00,2.37,743.49,4.00,26.69
Captain Techno.,540652,,Castings & Forgings,250.05,72.13,580.62,29.96,3.47,25.03,17.41,14.37,36.86,50.20,1.59,2.02,0.11,18.17,8.00,9.11,22.23,3.47,28.60,1.08,67.49,2.32,65.08,584.84,0.00,64.69,2.01,8.31,5.00,15.80
Cenlub Industrie,522251,,Engineering,348.45,19.30,162.48,22.47,19.24,17.39,129.28,2.70,229.18,9.37,1.53,1.30,0.05,6.05,8.00,12.54,20.42,18.06,35.65,0.96,48.69,0.47,203.67,162.04,0.00,51.26,7.58,24.20,5.00,12.78
Chandni Machines,542627,,Trading,43.99,10.60,14.20,28.91,5.36,21.80,31.08,1.42,53.88,8.74,1.35,0.13,0.01,10.36,8.00,1.04,56.67,4.15,28.96,1.15,7.19,0.32,152.72,5.87,0.00,45.72,33.39,5.74,6.00,11.76
Colgate-Palmoliv,500830,COLPAL,Personal Care - Multinational,2689.70,50.05,73155.98,96.80,48.67,74.52,60.77,44.26,271.06,45.41,1.31,4.14,0.04,40.79,8.00,23.55,5.47,53.74,56.44,1.08,10.76,27.20,511.44,71887.80,0.00,51.00,2.74,3806.38,4.00,44.01
Concord Biotech,543960,CONCORDBIO,Pharmaceuticals - Indian - Bulk Drugs & Formln,1498.90,47.77,15680.92,27.87,29.13,20.89,152.04,9.86,327.62,55.68,6.60,2.36,0.00,17.47,8.00,28.93,18.13,31.38,30.75,4.83,125.48,10.46,674.61,15675.89,0.00,44.08,2.82,332.94,2.00,18.31
Crompton Gr. Con,539876,CROMPTON,Electric Equipment,351.25,40.68,22613.80,19.01,8.64,17.40,52.66,6.67,101.15,40.03,1.34,17.76,0.14,8.33,8.00,7.17,13.39,8.64,67.26,0.93,32.08,64.38,117.32,22739.35,0.00,0.00,3.54,1879.31,3.00,9.09
Cummins India,500480,CUMMINSIND,Engines,3035.60,43.24,84146.83,35.23,59.91,28.11,233.65,12.99,607.49,37.34,3.01,2.39,0.00,18.84,8.00,18.09,27.43,70.20,30.06,2.46,84.65,27.72,1068.59,82530.19,0.00,51.00,3.07,2433.57,4.00,20.25
Cybertech Sys.,532173,CYBERTECH,Computers - Software - Medium / Small,158.15,14.09,492.33,19.58,11.22,15.01,79.56,1.99,141.72,18.16,5.09,0.64,0.03,5.83,8.00,14.81,19.32,11.22,30.73,5.09,32.04,3.11,244.28,416.10,0.00,36.43,11.29,96.67,6.00,12.20
Danlaw Tech.,532329,,Electronics - Components,1068.05,27.35,520.21,40.21,45.64,47.46,135.20,7.90,344.65,41.82,2.37,0.20,0.56,9.06,9.00,10.54,96.49,39.05,50.12,1.48,60.27,0.49,544.73,531.34,0.00,61.88,5.29,12.91,3.00,18.36
DCM,502820,DCM,Castings & Forgings,107.85,7.32,201.44,50.22,2.79,28.77,11.49,9.38,61.70,10.53,0.59,0.09,0.07,4.26,8.00,7.25,14.34,14.72,28.60,0.48,82.32,1.87,59.92,184.64,0.00,49.64,17.40,31.76,5.00,4.49
Dhabriya Poly.,538715,,Plastics Products,328.45,21.28,355.52,18.87,13.01,18.64,84.24,3.90,171.05,18.29,1.51,1.04,0.54,6.22,8.00,6.66,25.76,15.44,26.80,0.68,41.48,1.08,271.37,399.13,0.00,67.75,7.06,15.16,4.00,9.09
Dhanalaxmi Roto,521216,,Trading,94.25,8.74,73.52,38.40,16.76,28.43,65.78,1.43,126.33,5.49,2.69,0.21,0.11,6.12,8.00,6.17,39.23,10.78,28.96,2.63,51.45,0.78,144.06,46.81,0.00,47.64,25.14,26.28,6.00,17.19
Disa India,500068,,Engineering,14465.00,41.43,2103.51,25.81,285.66,19.14,1730.16,8.36,3653.41,32.80,2.08,4.47,0.01,10.59,8.00,13.59,21.60,342.87,35.65,1.58,33.27,0.15,3671.23,1885.16,0.00,74.82,3.68,75.76,6.00,11.42
Dr Lal Pathlabs,539524,LALPATHLAB,Healthcare,2799.60,48.04,23402.34,28.78,58.27,24.22,259.92,10.77,583.76,63.48,3.39,2.89,0.07,17.04,8.00,20.00,5.65,58.27,48.04,3.30,13.06,8.36,896.14,22721.04,0.00,53.91,2.85,1406.34,4.00,19.04
Ecoplast,526703,,Packaging,633.30,23.81,218.78,31.98,30.57,24.21,150.70,4.20,322.29,11.80,3.53,0.92,0.02,10.95,9.00,8.06,14.35,30.63,22.86,1.77,34.38,0.35,234.48,217.07,0.00,64.84,5.70,20.27,5.00,18.47
EIH,500840,EIHOTEL,Hotels,375.20,33.36,23463.66,23.62,10.22,17.62,65.40,5.74,129.21,53.33,2.44,1.11,0.05,9.56,9.00,27.21,72.00,11.34,40.37,2.34,29.07,62.54,164.76,22987.86,0.00,32.85,4.43,984.47,3.00,14.48
EIH Assoc.Hotels,523127,EIHAHOTELS,Hotels,373.70,23.98,2277.19,25.38,15.07,19.01,88.04,4.24,172.80,29.99,4.58,1.29,0.01,8.49,8.00,23.26,27.88,15.07,40.37,4.39,25.42,6.09,222.57,2211.53,0.00,75.00,5.78,194.69,7.00,15.64
Endurance Tech.,540153,ENDURANCE,Auto Ancillaries,2214.40,37.66,31148.38,18.21,59.46,15.47,406.46,5.45,737.40,39.79,1.71,4.49,0.17,8.29,8.00,7.15,15.26,59.46,26.61,1.36,44.79,14.07,1049.28,31073.15,0.00,75.00,3.63,1002.77,3.00,9.72
Epigral,543332,EPIGRAL,Chemicals,1836.50,22.21,7922.91,25.17,82.68,22.59,441.46,4.16,906.24,21.09,1.57,0.85,0.31,6.46,8.00,13.99,18.03,82.68,29.91,0.79,33.25,4.31,2422.73,8493.25,0.00,68.95,6.99,463.18,5.00,12.00
Eveready Inds.,531508,EVEREADY,Dry Cells,321.25,28.32,2335.08,16.98,11.34,19.52,62.99,5.10,126.79,28.16,1.15,2.72,0.68,5.88,8.00,6.13,3.67,11.34,26.17,0.50,27.76,7.27,109.95,2645.96,0.02,43.19,4.69,166.22,3.00,8.05
Fidel Softech,,FIDEL,Computers - Software - Medium / Small,168.70,25.05,231.97,29.99,6.73,22.38,32.91,5.13,70.61,22.96,8.63,1.04,0.00,10.95,8.00,16.89,27.72,6.73,30.73,8.63,106.75,1.38,174.56,224.28,0.00,72.97,5.53,13.09,6.00,19.08
Fluidomat,522017,,Engineering,865.30,21.35,426.59,31.99,26.49,23.69,141.69,6.11,359.55,16.38,3.38,0.53,0.00,11.36,8.00,23.91,25.19,40.55,35.65,3.07,90.10,0.49,636.69,423.17,0.65,53.46,6.27,17.55,6.00,19.91
Foce India,,FOCE,Trading,1780.00,49.54,870.94,26.21,32.48,28.16,145.66,12.22,343.15,37.42,1.18,,0.33,14.70,8.00,19.80,1.43,35.93,47.36,1.13,205.26,0.49,1071.10,893.26,0.00,73.63,2.41,34.69,3.00,16.13
Force Motors,500033,FORCEMOT,Automobiles - LCVs / HCVs,10954.50,26.39,14433.94,29.80,607.71,20.68,2302.19,4.76,5610.62,18.40,1.50,0.57,0.01,7.66,9.00,6.78,35.56,607.71,24.98,0.81,7.88,1.32,10089.46,13943.96,0.00,61.63,6.24,1690.23,7.00,11.46
Frontier Springs,522195,,Auto Ancillaries,2292.40,32.20,903.21,20.51,32.98,15.50,266.83,8.59,653.89,14.53,2.18,3.77,0.03,14.02,8.00,9.39,20.72,71.22,26.61,1.07,59.76,0.39,1212.81,894.89,0.00,51.76,4.20,9.09,4.00,10.90
G M Polyplast,543239,,Plastics Products,95.90,22.97,129.08,33.86,5.27,24.76,26.29,3.65,49.69,32.79,3.81,0.58,0.12,8.87,8.00,7.68,20.85,4.18,26.80,2.27,75.17,1.35,86.83,133.05,0.00,73.54,6.47,2.96,4.00,18.06
Gabriel India,505714,GABRIEL,Auto Ancillaries,612.70,41.80,8801.06,26.72,12.89,19.58,74.89,8.18,157.15,21.92,1.90,2.96,0.01,12.09,9.00,5.50,25.41,14.66,26.61,1.50,49.46,14.36,220.73,8765.92,0.00,55.00,3.24,165.20,6.00,12.10
Garden Reach Sh.,542011,GRSE,Miscellaneous,2481.70,53.90,28428.37,37.28,46.04,28.11,181.51,13.67,433.62,15.72,1.17,2.08,0.00,5.55,8.00,10.39,42.49,46.04,53.90,0.73,18.66,11.46,1276.20,24706.19,0.00,74.50,2.89,601.54,6.00,5.12
Garware Hi Tech,500655,GRWRHITECH,Packaging,4006.50,28.10,9308.06,20.50,142.57,15.00,1020.90,3.92,1809.65,13.50,4.28,0.90,0.01,8.50,8.00,15.70,17.43,142.57,22.86,3.03,7.27,2.32,2557.41,9202.78,0.00,60.72,4.94,583.27,5.00,13.23
Garware Tech.,509557,GARFIBRES,Textiles - Products,886.30,38.00,8797.93,24.67,23.33,18.71,125.08,7.09,256.21,35.67,1.88,3.55,0.05,10.81,8.00,15.03,9.00,23.33,23.77,1.28,75.09,9.93,351.90,8812.18,0.00,53.00,3.73,489.44,3.00,13.13
GE Vernova T&D,522275,GVT&D,Electric Equipment,1861.40,97.64,47661.15,23.14,7.07,15.66,53.76,34.63,151.85,79.23,1.17,-26.97,0.03,21.05,9.00,5.72,-2.83,19.06,44.87,0.93,165.63,25.60,90.54,47612.27,0.00,51.00,1.42,418.78,3.00,4.99
Gillette India,507815,GILLETTE,Personal Care - Multinational,8610.00,59.19,28059.99,58.91,126.35,42.49,332.84,25.87,1043.77,65.13,1.72,5.73,0.00,26.41,9.00,15.82,9.93,145.48,56.44,1.16,38.03,3.26,2112.52,27500.24,0.00,75.00,2.38,1171.25,4.00,22.23
Glaxosmi. Pharma,500660,GLAXO,Pharmaceuticals - Multinational,2828.60,51.85,47918.19,66.88,54.75,49.57,115.19,24.56,376.70,57.12,1.79,1.43,0.01,21.69,9.00,24.65,4.58,54.75,45.91,1.54,28.48,16.94,580.01,46524.62,0.00,75.00,2.70,2292.60,4.00,24.11
GMM Pfaudler,505255,GMMPFAUDLR,Engineering,1107.50,46.17,4979.01,19.08,39.80,19.65,229.23,4.83,360.10,46.32,1.59,1.59,0.91,4.53,8.00,5.04,51.00,25.14,35.65,1.05,45.84,4.50,732.39,5513.67,0.00,25.18,4.99,490.21,4.00,5.35
Godawari Power,532734,GPIL,Steel - Large,201.71,16.70,13499.62,29.19,13.76,21.89,67.67,2.98,135.00,5.39,3.76,0.57,0.01,7.25,8.00,16.89,11.30,11.97,21.81,2.30,14.21,66.93,177.16,12761.28,0.00,63.51,9.17,1863.20,4.00,17.18
Godfrey Phillips,500163,GODFRYPHLP,Cigarettes,8718.50,39.33,45330.90,29.62,206.18,24.32,1008.93,8.64,2163.46,15.80,2.10,1.36,0.03,13.25,8.00,20.55,27.81,206.18,32.45,0.70,33.59,5.20,4445.65,45479.56,0.00,72.58,3.26,875.32,6.00,18.00
GPT Healthcare,544131,GPTHEALTH,Healthcare,160.24,26.38,1314.85,30.31,5.82,24.92,28.15,5.69,62.03,29.49,1.10,,0.12,8.94,8.00,11.95,18.13,6.08,48.04,0.95,22.14,8.21,90.11,1338.21,0.00,65.57,5.64,166.32,6.00,14.23
Grauer & Weil,505710,GRAUWEIL,Chemicals,85.48,24.13,3875.76,26.06,3.23,19.62,19.18,4.46,39.10,18.82,3.13,1.47,0.01,8.32,9.00,13.63,20.84,3.54,29.91,2.60,63.47,45.34,49.31,3429.81,0.00,69.04,6.38,245.61,4.00,14.01
Guj Pipavav Port,533248,GPPL,Miscellaneous,144.96,17.94,7007.94,24.80,7.32,18.81,43.63,3.32,85.51,19.77,2.80,1.30,0.03,6.51,8.00,39.70,10.46,7.45,23.52,2.77,21.30,48.34,78.08,5962.51,0.00,44.01,9.08,1054.55,6.00,14.71
Hawkins Cookers,508486,,Domestic Appliances,7905.90,36.55,4182.22,44.52,207.72,36.04,622.38,12.70,1740.88,34.74,2.43,2.41,0.08,17.23,8.00,10.72,10.05,216.42,49.81,1.57,17.00,0.53,2647.82,4046.14,0.00,56.03,3.88,148.83,4.00,22.27
Heritage Foods,519552,HERITGFOOD,Food - Processing - Indian,430.45,20.52,3994.40,27.06,20.29,21.87,104.74,4.11,218.67,26.39,1.82,0.78,0.18,8.49,8.00,4.71,15.53,20.29,31.16,0.88,3.36,9.28,274.97,4099.21,0.00,41.30,6.89,169.22,4.00,13.71
Hind.Adhesive,514428,,Packaging,353.90,11.43,181.20,20.59,32.07,24.10,162.97,2.17,337.04,14.61,0.96,0.24,0.85,4.14,8.00,5.38,12.44,30.98,22.86,0.51,47.96,0.51,377.74,250.52,0.00,68.58,10.36,51.96,4.00,9.39
Hindustan Hardy,505893,,Auto Ancillaries,786.75,22.61,118.01,27.57,32.50,23.33,171.97,4.57,367.14,15.28,1.70,0.34,0.17,7.10,9.00,7.20,14.99,34.83,26.61,1.24,109.16,0.15,448.80,118.51,0.00,66.16,6.15,4.61,5.00,12.42
Indiamart Inter.,542726,INDIAMART,Miscellaneous,2350.20,25.62,14108.76,35.70,91.73,28.09,364.02,6.46,866.80,53.42,2.40,0.85,0.02,7.61,8.00,39.66,22.60,91.73,41.10,2.40,1.05,6.00,1671.45,14057.36,0.00,49.17,5.07,1619.96,7.00,14.53
Indian Energy Ex,540750,IEX,Miscellaneous,199.86,42.98,17821.37,53.61,4.65,40.53,12.31,16.23,35.89,39.65,1.57,2.17,0.01,15.35,9.00,77.45,7.95,4.65,55.54,1.57,1.37,89.17,106.14,17714.87,0.00,0.00,3.12,677.62,5.00,21.23
Indian Hotels Co,500850,INDHOTEL,Hotels,766.35,64.53,109084.73,17.50,13.40,16.40,78.41,9.77,153.76,68.68,2.09,1.49,0.28,11.83,9.00,21.67,39.71,13.40,40.37,2.02,28.50,142.34,190.93,109987.44,0.00,38.12,2.26,3626.09,5.00,11.14
Indian Metals,533047,IMFA,Mining / Minerals / Metals,641.50,8.76,3461.16,23.75,73.12,18.31,431.83,1.49,867.26,8.02,2.91,0.13,0.13,5.00,9.00,13.15,14.66,77.41,6.15,1.92,11.12,5.40,774.84,3729.08,0.00,58.69,15.34,1089.46,7.00,13.33
Indrapr.Medical,532150,INDRAMEDCO,Healthcare,440.25,25.07,4035.90,39.01,17.56,29.97,65.09,6.76,160.37,13.42,2.41,0.85,0.05,11.38,8.00,11.87,15.16,17.56,48.04,2.37,20.30,9.17,286.26,3746.91,0.00,51.00,5.94,351.07,6.00,20.44
Indus Towers,534816,INDUSTOWER,Transmisson Line Towers / Equipment,400.45,10.87,107918.75,29.22,36.85,33.36,120.59,3.32,316.22,14.67,1.32,0.41,0.65,4.85,8.00,32.97,2.81,36.85,14.37,1.32,57.77,269.49,307.81,127218.45,0.00,50.00,11.62,21260.20,4.00,16.69
Infronics Sys.,537985,,Computers - Software - Medium / Small,42.75,22.15,33.89,123.82,3.18,259.79,3.61,11.85,12.52,25.85,17.44,0.34,0.01,23.85,8.00,58.06,-0.76,1.93,30.73,17.44,66.44,0.79,23.60,31.41,0.00,53.55,7.16,2.92,4.00,51.27
Insolation Ener,543620,,Electric Equipment,256.55,55.58,5652.90,47.81,2.66,68.51,8.14,31.51,29.91,65.47,1.47,,0.41,29.73,8.00,7.49,,4.88,44.87,0.99,25.73,22.03,86.42,5708.67,0.00,66.22,2.22,19.40,3.00,26.17
Intl. Travel Hse,500213,,Travel Agencies,515.55,15.18,412.16,23.77,33.96,17.64,206.84,2.49,397.56,20.82,3.00,0.38,0.01,6.05,8.00,11.52,35.74,33.96,20.37,3.00,92.07,0.80,436.47,352.47,0.00,61.69,10.47,67.48,5.00,12.46
J B Chemicals &,506943,JBCHEPHARM,Pharmaceuticals - Indian - Bulk Drugs & Formln,1647.20,38.88,25643.15,26.62,42.37,20.75,220.54,7.47,458.52,29.99,3.04,1.89,0.01,12.70,8.00,16.83,17.35,42.37,30.75,2.20,75.96,15.57,827.33,25535.23,0.00,47.84,3.52,1184.98,3.00,15.97
Jagsonpal Fin.,530601,,Finance & Investments,61.40,210.91,111.78,45.86,0.65,45.86,2.07,29.62,6.70,48.30,4.16,11.02,0.00,126.14,8.00,72.00,60.91,0.96,21.48,3.59,43.80,1.82,4.00,111.63,0.00,60.93,0.47,0.80,2.00,33.03
K P R Mill Ltd,532889,KPRMILL,Textiles - Products,1175.90,49.31,40193.91,20.26,23.85,17.42,146.34,8.04,280.21,21.17,4.29,2.89,0.09,14.25,8.00,12.76,9.82,23.85,41.13,1.88,33.49,34.18,292.71,40341.69,0.00,70.68,2.76,1551.72,3.00,13.79
Kachchh Minerals,531778,,Mining / Minerals / Metals,34.66,,18.37,32.45,1.17,38.51,3.62,9.57,,37.12,4.97,,0.16,13.36,8.00,23.75,29.21,-0.34,17.64,4.62,102.09,0.53,,17.55,0.00,41.91,-0.68,1.33,4.00,27.49
KDDL Ltd,532054,KDDL,Miscellaneous,2738.10,34.37,3432.79,18.65,81.90,17.20,678.35,4.04,1102.65,33.53,3.45,0.96,0.38,5.33,8.00,9.85,36.34,79.66,30.81,1.93,18.53,1.25,1843.09,3184.22,0.00,50.43,6.98,15.13,6.00,9.81
KFin Technolog.,543720,KFINTECH,Miscellaneous,1065.80,55.14,18340.64,34.21,19.33,26.10,81.81,13.03,188.63,46.53,5.19,0.40,0.03,19.86,8.00,30.50,19.48,19.33,55.54,5.19,64.47,17.21,371.62,18216.79,0.00,32.91,2.48,671.66,4.00,20.99
Kirl. Brothers,500241,KIRLOSBROS,Pumps,1885.80,35.59,14974.94,28.18,52.29,22.07,263.56,7.16,556.83,24.47,1.85,0.84,0.09,9.50,8.00,9.44,13.68,52.29,50.52,1.22,40.02,7.94,809.52,14807.74,0.00,65.95,4.00,752.98,4.00,12.14
Kothari Petroche,,KOTHARIPET,Petrochemicals,164.73,15.16,969.38,41.32,10.84,28.79,46.92,3.51,106.91,12.32,3.94,0.39,0.01,8.90,8.00,10.47,38.54,10.83,19.87,3.35,35.51,5.88,271.05,949.51,0.00,70.98,9.16,61.40,5.00,21.43
Kovai Medical,523323,KOVAI,Healthcare,5772.75,30.59,6315.39,22.61,164.25,22.39,889.71,6.49,1943.29,17.14,1.08,1.25,0.43,8.48,8.00,14.76,20.89,188.64,48.04,1.02,5.03,1.09,2652.45,6481.23,0.00,56.55,4.65,504.72,4.00,12.51
KPIT Technologi.,542651,KPITTECH,Computers - Software - Medium / Small,1364.80,44.56,37415.15,40.88,30.63,33.20,106.23,12.85,270.56,52.49,1.57,1.10,0.12,14.89,9.00,14.37,33.92,30.63,30.73,1.52,47.15,27.41,600.29,36491.94,0.00,39.47,3.22,2443.91,6.00,18.39
Krishana Phosch.,,KRISHANA,Fertilizers,352.15,24.64,2132.36,21.74,14.29,25.29,63.38,5.56,142.77,29.39,1.41,0.55,0.98,6.13,8.00,6.37,62.21,14.29,19.07,1.08,101.70,6.06,375.62,2480.73,0.00,71.86,6.56,-231.44,5.00,9.20
Kriti Industries,526423,KRITI,Plastics Products,121.11,206.99,618.91,19.20,4.42,15.56,39.97,3.03,23.28,17.54,1.28,7.00,0.70,4.43,8.00,2.53,13.74,0.60,26.80,0.46,28.11,5.11,27.48,733.14,0.00,67.74,4.37,2.85,2.00,5.07
Kriti Nutrients,533210,KRITINUT,Solvent Extraction,120.07,14.73,601.59,34.28,9.04,29.31,39.67,3.03,85.29,11.96,5.52,0.68,0.04,9.96,8.00,6.61,-0.27,8.15,26.20,3.24,11.03,5.01,101.34,590.18,0.00,66.68,9.56,35.09,5.00,22.51
M B Agro Prod.,,MBAPL,Fertilizers,287.50,43.83,2519.27,18.01,6.56,15.23,46.09,6.24,82.47,21.45,1.45,1.41,0.79,6.91,9.00,5.43,29.27,6.56,19.07,0.98,88.32,8.76,237.26,2825.76,0.00,74.56,4.34,-107.63,5.00,6.57
M E T S,538401,,Healthcare,155.00,15.28,85.41,23.28,8.97,17.61,59.51,2.60,116.55,18.05,2.12,0.22,0.07,5.12,8.00,14.84,-11.21,10.14,48.04,1.87,172.36,0.55,300.91,56.22,0.00,55.62,14.96,-12.46,3.00,9.92
Mah. Seamless,500265,MAHSEAMLES,Steel - Large,696.80,12.39,9336.54,22.92,71.00,18.12,443.78,1.57,749.48,9.62,8.33,0.47,0.00,5.22,8.00,17.62,32.78,56.26,21.81,5.54,35.01,13.40,613.58,9277.47,0.00,68.86,10.71,1625.57,5.00,15.30
Mahalaxmi Rubtec,514450,MHLXMIRU,Textiles - Processing,230.48,15.25,244.78,25.29,10.41,23.33,56.85,4.05,139.17,11.39,2.48,0.76,0.19,7.85,8.00,14.34,-17.44,15.14,25.07,1.81,45.00,1.06,105.50,227.96,0.00,64.80,10.16,18.43,6.00,14.29
Mamata Machinery,544318,MAMATA,Engineering,377.25,25.70,928.33,33.01,132.14,27.76,55.93,6.74,407.80,2.91,1.25,,0.04,8.01,8.00,15.27,16.80,132.14,34.05,0.50,57.51,2.46,855.56,930.71,0.00,62.45,5.21,70.71,5.00,15.54
Mankind Pharma,543904,MANKIND,Pharmaceuticals - Indian - Bulk Drugs & Formln,2572.70,54.89,106144.08,24.57,45.52,19.71,261.47,9.84,542.80,53.79,3.21,2.02,0.02,15.76,9.00,18.51,18.82,50.08,30.75,2.76,29.53,41.26,1040.69,105720.99,0.00,72.70,2.46,1592.01,3.00,16.50
Master Trust,511768,MASTERTR,Finance & Investments,162.89,12.65,1828.70,32.78,9.93,24.87,53.19,3.06,124.91,5.21,1.63,0.28,0.33,3.22,8.00,21.60,30.57,13.04,21.48,1.61,91.16,11.23,377.92,488.00,2.95,72.50,52.24,606.04,7.00,7.16
Mayur Uniquoters,522249,MAYURUNIQ,Leather / Leather Products,587.60,18.32,2582.65,20.87,32.08,15.55,215.30,2.73,394.23,19.54,8.08,1.52,0.01,7.27,9.00,17.19,9.14,32.08,65.31,6.26,109.49,4.40,415.72,2533.56,0.00,58.59,7.57,296.87,4.00,14.05
Mazagon Dock,543237,MAZDOCK,Miscellaneous,3522.40,51.65,142086.57,44.19,48.02,35.19,180.67,19.50,526.54,16.38,1.18,1.75,0.00,9.37,8.00,20.45,32.74,68.20,53.90,0.94,71.21,40.34,1183.26,128528.66,0.00,84.83,2.76,1546.11,5.00,6.57
Mazda,523792,MAZDA,Engineering,253.09,17.68,506.81,21.26,15.76,15.86,108.67,2.33,187.22,13.09,5.93,1.01,0.00,6.39,8.00,14.00,13.93,14.34,35.65,4.67,53.72,2.00,296.91,501.55,0.00,48.58,7.72,51.75,4.00,13.58
Mefcom Capital,531176,,Finance & Investments,15.98,28.20,73.03,41.14,1.70,43.29,5.39,2.96,8.29,9.44,6.57,0.65,0.14,15.74,8.00,3.62,96.98,0.57,21.48,1.36,1.42,4.57,17.61,75.08,0.00,74.43,4.82,0.87,2.00,36.23
Megatherm,,MEGATHERM,Engineering,308.35,25.89,580.95,27.03,11.00,24.24,68.81,4.48,135.80,29.38,1.46,,0.26,5.94,8.00,6.77,41.10,11.91,34.05,0.74,38.11,1.88,217.61,575.06,0.00,72.79,6.29,31.87,6.00,8.97
Multi Comm. Exc.,534091,MCX,Miscellaneous,6450.00,58.74,32893.95,42.86,109.82,34.33,369.50,17.46,955.50,38.97,1.87,2.31,0.00,13.91,9.00,50.33,44.76,109.82,55.54,1.87,9.43,5.10,2168.08,30993.29,0.00,0.00,2.26,1302.06,5.00,14.48
NBCC,534309,NBCC,Miscellaneous,111.08,52.99,29991.60,31.99,1.49,24.85,8.66,12.83,19.02,30.54,1.18,7.93,0.00,5.48,8.00,5.12,14.48,1.86,34.20,1.06,101.53,270.00,27.27,25184.19,0.00,61.75,3.17,-282.69,4.00,4.16
NDR Auto Compon.,543214,NDRAUTO,Auto Ancillaries,896.65,40.04,2132.71,22.97,22.38,19.16,127.02,7.06,252.90,18.70,1.39,0.77,0.11,10.00,8.00,7.47,45.26,22.38,26.61,1.10,47.87,2.38,654.08,2102.26,0.00,73.13,3.38,31.65,5.00,12.08
Network People,544396,NPST,Computers - Software - Medium / Small,2041.60,80.90,3958.64,83.46,13.78,63.69,47.63,42.86,164.47,82.84,2.99,0.98,0.00,50.26,9.00,21.53,102.59,25.24,30.73,2.99,2.80,1.94,458.14,3834.65,0.00,67.55,1.69,45.27,4.00,47.35
Nitiraj Engineer,,NITIRAJ,Electronics - Components,256.35,21.36,262.78,21.00,11.75,16.14,74.65,3.43,141.96,26.89,4.75,1.37,0.00,8.36,9.00,11.83,23.44,12.00,50.12,2.31,46.48,1.03,124.73,257.88,0.00,69.07,6.43,11.97,6.00,13.95
Paradeep Pari.,544383,,Miscellaneous,108.07,11.45,172.03,29.44,13.25,33.62,,,,7.24,1.94,,0.77,4.55,8.00,7.12,,13.25,24.35,1.87,77.07,1.59,,205.00,0.00,65.96,13.33,10.57,3.00,11.79
Pee Cee Cosma,524136,,Detergents / Intermediates,626.95,14.25,166.14,34.67,39.45,29.55,174.96,3.58,416.48,10.97,2.16,0.48,0.10,9.15,8.00,7.81,17.56,44.06,14.25,1.08,1.01,0.26,529.69,168.19,0.00,72.58,9.42,6.14,4.00,21.97
Piccadily Agro,530305,,Breweries & Distilleries,622.10,55.46,5868.85,29.59,11.63,30.61,63.91,9.73,127.00,14.12,2.09,0.50,0.35,12.24,8.00,11.78,14.98,11.22,29.88,1.66,67.16,9.43,194.67,5843.69,0.00,70.97,2.92,42.58,3.00,13.13
Pidilite Inds.,500331,PIDILITIND,Chemicals,3091.20,75.07,157233.50,29.86,40.82,23.07,191.77,16.12,419.68,85.97,2.27,5.94,0.05,20.93,8.00,16.09,9.82,40.82,29.91,1.76,50.31,50.86,495.92,157351.43,0.00,69.50,1.84,5069.49,4.00,16.21
Pix Transmission,500333,PIXTRANS,Miscellaneous,1707.10,20.29,2326.78,22.64,60.91,18.23,404.96,4.22,875.65,14.89,4.98,0.86,0.07,8.45,9.00,16.83,9.04,84.15,34.88,3.66,81.46,1.36,1070.12,2296.73,0.00,61.82,6.81,184.48,3.00,13.66
Pokarna,532486,POKARNA,Miscellaneous,1050.25,22.48,3256.20,18.27,28.18,15.82,215.76,4.87,475.10,17.22,1.82,14.79,0.56,6.28,8.00,12.66,32.64,46.50,30.81,1.23,63.55,3.10,403.39,3569.95,0.00,56.66,6.79,96.17,5.00,7.50
Premier Energies,544238,PREMIERENE,Electric Equipment,1125.95,54.16,50754.94,41.46,20.79,54.03,62.61,17.98,171.13,68.26,1.88,0.60,0.69,14.69,8.00,14.38,106.26,20.79,44.87,1.40,44.85,45.08,539.50,50706.15,0.00,64.25,2.80,132.33,6.00,18.06
Prima Plastics,530589,,Plastics Products,161.25,10.64,177.38,16.97,19.82,15.03,146.65,1.10,223.61,9.00,2.22,0.58,0.25,3.92,9.00,12.69,15.65,15.15,26.80,1.37,68.27,1.10,170.82,203.48,0.00,58.27,13.21,24.92,2.00,11.06
Rail Vikas,542649,RVNL,Construction,409.60,68.40,85402.42,18.70,7.02,20.39,38.12,10.75,71.67,8.25,1.77,3.48,0.68,9.31,9.00,6.73,12.16,5.99,20.84,1.76,18.58,208.50,71.32,86531.70,0.00,72.84,2.60,3215.60,4.00,8.06
Rane Brake Lin.,532987,RBL,Auto Ancillaries,745.05,12.59,575.91,20.51,52.31,15.19,361.69,2.06,687.72,17.19,2.14,6.23,0.01,5.89,8.00,6.23,15.95,58.12,26.61,1.19,81.22,0.77,874.52,577.87,0.00,70.93,10.77,13.90,4.00,10.63
Rishi Laser,526861,,Engineering,146.70,15.75,134.82,16.93,9.50,17.49,62.90,2.33,114.80,10.60,1.21,0.78,0.24,4.86,8.00,6.15,23.50,9.31,35.65,0.86,39.49,0.92,68.45,143.07,0.00,15.84,7.38,15.82,6.00,9.54
Sanghvi Movers,530073,SANGHVIMOV,Miscellaneous,333.50,21.89,2887.31,22.21,21.70,18.77,121.98,2.73,207.69,21.24,1.76,0.62,0.32,5.11,8.00,28.13,40.35,15.72,26.75,1.74,69.74,8.66,329.54,3203.20,0.00,47.25,6.45,149.78,3.00,13.67
Sanrhea Tech.,514280,,Textiles - Processing,149.95,14.17,74.98,29.83,10.40,27.22,47.08,3.19,105.86,11.16,2.15,0.39,0.45,6.39,8.00,7.64,20.42,10.58,25.07,1.27,69.85,0.50,131.75,84.68,0.00,71.52,9.83,6.36,4.00,15.48
Satia Industries,539201,SATIA,Paper,77.71,6.34,777.10,23.35,21.12,25.35,99.46,0.78,165.67,7.71,1.69,0.33,0.31,3.57,8.00,12.29,43.00,12.26,12.24,1.07,34.66,10.00,202.65,1028.75,0.00,52.46,15.04,227.97,5.00,15.19
Secmark Consult.,543234,SECMARK,Computers - Software - Medium / Small,125.47,30.73,130.62,22.26,4.08,23.26,19.70,6.37,42.54,24.27,1.64,0.96,0.32,9.18,8.00,12.10,34.16,4.08,30.73,1.64,29.94,1.04,70.33,120.73,0.00,74.71,4.99,-0.36,5.00,13.04
Shaily Engineer.,501423,SHAILY,Plastics Products,1671.60,82.49,7681.85,19.40,20.26,18.50,119.18,14.03,233.10,48.06,1.22,,0.34,15.61,8.00,11.84,11.49,20.26,26.80,0.78,79.66,4.60,216.66,7846.93,0.00,43.72,1.74,13.60,4.00,10.86
Shanthi Gears,522034,SHANTIGEAR,Engineering,489.85,39.13,3757.93,34.77,12.52,25.67,52.53,9.33,121.63,42.17,3.80,1.26,0.00,15.76,8.00,15.88,21.50,12.52,35.65,3.00,82.83,7.67,260.07,3693.17,0.00,70.47,3.52,132.64,3.00,20.28
Shantidoot Infra,543598,,Construction,271.00,27.85,48.73,32.66,6.90,25.41,37.43,7.24,90.54,1.41,5.11,,0.01,13.81,8.00,12.40,34.07,9.73,33.68,4.23,15.70,0.18,316.55,45.86,0.00,72.07,5.21,1.49,6.00,18.55
Sharda Ispat,513548,,Steel - Medium / Small,325.55,15.37,165.38,31.02,27.52,31.27,108.83,2.99,227.81,10.59,2.74,1.00,0.48,7.94,8.00,6.19,33.69,21.19,24.59,1.64,20.69,0.51,398.89,191.22,0.00,74.97,7.91,2.45,5.00,20.37
Sharda Motor,535602,SHARDAMOTR,Auto Ancillaries,1727.40,16.27,5135.84,39.32,99.19,30.00,309.99,5.57,860.57,13.98,1.54,0.61,0.03,8.85,8.00,9.65,17.39,106.18,26.61,1.22,29.51,2.97,1959.33,4980.28,0.00,64.31,8.52,229.41,5.00,17.72
Shree Ganesh Rem,540737,,Pharmaceuticals - Indian - Bulk Drugs & Formln,749.35,33.07,961.91,27.82,21.97,26.87,103.73,7.22,230.13,28.07,4.22,0.94,0.25,11.52,8.00,22.34,36.93,22.69,30.75,3.19,58.94,1.28,690.58,981.08,0.00,72.80,4.08,-34.61,3.00,18.21
Siddhika Coatins,,SIDDHIKA,Miscellaneous,182.00,14.00,112.46,32.44,13.00,24.55,58.60,3.11,130.90,17.14,3.29,0.59,0.00,7.43,8.00,16.72,33.13,13.00,26.75,2.96,27.82,0.62,245.00,106.70,0.00,63.09,9.94,11.91,7.00,19.04
SJS Enterprises,543387,SJS,Plastics Products,1091.40,29.03,3419.70,23.10,37.61,19.19,216.17,5.05,427.69,26.06,2.88,,0.05,9.21,8.00,15.63,27.16,37.61,26.80,2.39,84.03,3.13,842.37,3436.01,4.29,21.61,4.61,261.66,4.00,14.32
SM Auto Stamping,543065,,Auto Ancillaries,30.00,20.43,41.06,23.16,2.19,15.43,13.03,2.30,20.60,24.02,0.86,2.13,0.29,5.06,8.00,4.11,20.17,1.45,26.61,0.55,22.42,1.37,14.52,46.17,0.00,72.95,9.44,11.25,5.00,8.24
SNL Bearings,505827,,Bearings,386.50,12.85,139.53,22.19,30.07,17.05,187.84,2.06,356.50,13.24,10.68,0.58,0.00,6.40,8.00,21.22,5.57,30.07,29.96,8.33,68.02,0.36,412.71,138.46,0.00,74.39,10.22,18.52,6.00,15.34
SP Refractories,,SPRL,Refractories / Intermediates,142.00,14.28,25.41,17.60,8.72,16.05,64.10,2.22,119.77,22.63,2.23,0.29,0.33,6.02,8.00,5.41,3.89,9.95,39.71,1.50,81.21,0.18,149.73,29.22,0.00,69.42,9.89,-3.23,4.00,9.39
Sun Pharma.Inds.,524715,SUNPHARMA,Pharmaceuticals - Indian - Bulk Drugs & Formln,1734.90,35.30,416260.62,17.32,39.91,16.69,288.06,6.02,555.75,30.21,2.67,1.51,0.04,10.19,9.00,20.67,13.13,47.65,30.75,2.09,84.67,239.93,703.17,409817.57,0.88,54.48,3.41,20408.88,2.00,12.08
Supriya Lifesci.,543434,SUPRIYA,Pharmaceuticals - Indian - Bulk Drugs & Formln,696.60,32.13,5606.43,22.15,14.80,15.73,112.56,6.19,234.33,23.87,5.48,1.30,0.01,11.96,8.00,20.88,13.39,21.68,30.75,4.05,71.47,8.05,648.04,5527.63,0.00,68.30,4.33,-87.67,4.00,13.68
Suraksha Diagno.,544293,SURAKSHA,Healthcare,303.65,59.77,1581.43,17.22,353.33,15.83,38.34,7.92,552.09,0.80,2.13,8.80,0.43,10.33,9.00,12.11,16.00,353.33,48.04,1.95,15.28,5.21,449.73,1618.19,0.00,48.78,2.79,77.60,5.00,9.06
Symphony,517385,SYMPHONY,Domestic Appliances,1286.50,36.03,8871.32,36.88,30.89,32.61,110.36,11.66,276.95,53.73,1.24,6.02,0.19,13.69,8.00,15.62,14.90,30.89,49.81,0.72,32.66,6.90,435.91,8976.32,0.00,73.43,3.74,507.02,6.00,19.35
Tasty Bite Eat.,519091,TASTYBITE,Food - Processing - Indian,10613.50,123.96,2723.42,17.13,161.81,16.16,1127.90,9.41,1474.06,90.46,2.05,16.91,0.30,12.13,8.00,7.92,11.93,85.62,31.16,1.04,39.80,0.26,2029.00,2800.28,0.00,74.23,1.32,95.67,4.00,9.43
Tech Mahindra,532755,TECHM,Computers - Software - Large,1617.00,37.24,158315.70,20.08,43.43,15.74,279.49,5.79,522.58,21.28,1.87,20.80,0.07,8.51,8.00,8.03,5.88,43.43,29.96,1.87,45.11,97.91,499.91,155798.70,0.00,35.01,3.84,15544.30,5.00,9.71
Tips Music,532375,TIPSMUSIC,Entertainment / Electronic Media Software,637.80,48.95,8153.10,112.44,13.03,85.63,16.39,38.91,69.32,31.94,2.75,0.68,0.02,43.07,8.00,53.61,31.84,13.03,35.34,2.75,32.28,12.78,306.59,8115.34,0.00,64.15,2.75,429.34,6.00,49.11
Titan Intech,521005,,Computers - Software - Medium / Small,13.42,7.64,40.88,20.55,3.04,17.79,24.47,0.55,34.83,8.85,9.98,,0.05,3.40,8.00,12.78,295.88,2.20,30.73,9.98,58.83,3.05,99.36,44.34,0.00,16.60,14.59,-15.52,5.00,15.77
Torrent Pharma.,500420,TORNTPHARM,Pharmaceuticals - Indian - Formulations,3266.80,59.38,110558.39,23.16,48.94,24.23,221.73,14.73,523.91,42.23,1.21,2.75,0.42,14.02,9.00,14.74,10.25,55.02,37.12,1.21,62.75,33.84,521.19,112536.39,0.00,68.31,2.59,6527.07,3.00,10.86
TPL Plastech,526582,TPLPLASTEH,Packaging,82.95,28.33,647.03,19.01,2.54,15.85,17.17,4.83,33.63,18.68,1.73,2.46,0.21,7.61,8.00,6.23,22.44,2.93,22.86,0.94,63.89,7.80,49.62,667.76,0.00,74.86,5.12,26.01,3.00,8.54
Trent,500251,TRENT,Trading,5583.00,129.35,198468.65,31.71,43.51,32.20,153.64,36.34,387.83,170.55,1.83,1.73,0.41,37.39,8.00,8.96,56.18,43.51,47.36,0.81,1.34,35.55,991.20,200366.00,0.00,37.01,1.08,2125.86,6.00,18.51
Triveni Turbine,533655,TRITURBINE,Electric Equipment,605.15,53.85,19236.32,44.22,11.24,32.83,38.27,15.81,98.36,42.14,2.22,2.14,0.03,18.43,8.00,17.88,33.02,11.24,44.87,1.96,66.09,31.79,231.81,18948.92,0.00,55.84,2.59,541.01,5.00,19.44
Trust Fintech,,TRUST,Computers - Software - Medium / Small,78.95,17.95,188.10,46.12,7.13,34.58,44.76,1.76,72.25,19.11,10.47,,0.00,5.33,8.00,35.99,14.12,5.18,30.73,10.47,124.96,2.38,186.95,185.39,0.00,68.85,7.37,0.47,4.00,29.88
Unique Organics,530997,,Trading,146.10,8.26,86.97,38.07,10.65,32.63,50.39,2.90,141.62,8.91,4.01,0.14,0.07,10.82,8.00,3.52,43.41,17.69,28.96,3.50,17.76,0.60,378.73,73.26,0.00,34.64,19.64,7.27,6.00,21.63
United Spirits,532432,UNITDSPR,Breweries & Distilleries,1540.30,76.33,112033.85,27.87,19.36,20.98,104.93,14.68,213.32,70.61,2.11,4.85,0.07,17.90,8.00,12.16,11.66,19.28,29.88,1.53,98.53,72.74,233.86,111218.85,1.18,56.67,1.89,2425.80,4.00,13.18
V-Guard Industri,532953,VGUARD,Electric Equipment,375.00,52.09,16341.71,19.72,7.20,16.04,48.14,7.79,88.30,56.71,1.71,4.81,0.06,11.09,8.00,5.62,16.80,7.20,44.87,0.74,35.49,43.58,151.24,16410.73,0.00,54.30,2.67,945.16,4.00,9.67
Varroc Engineer,541578,VARROC,Auto Ancillaries,506.20,45.42,7734.05,17.48,34.43,41.91,105.19,4.81,122.91,16.68,0.81,10.79,0.75,5.17,9.00,6.94,19.97,6.38,26.61,0.47,23.77,15.28,98.27,8795.00,0.00,75.00,5.60,327.69,3.00,11.47
Veedol Corporat,590005,VEEDOL,Chemicals,1694.40,18.66,2952.32,23.67,82.03,17.97,500.14,3.39,990.70,16.71,2.93,2.30,0.03,7.55,8.00,7.41,15.34,87.22,29.91,1.75,43.70,1.74,997.29,2908.07,0.00,64.29,6.81,282.17,5.00,12.69
Vesuvius India,520113,VESUVIUS,Refractories / Intermediates,5363.40,42.69,10887.70,25.47,130.33,19.30,705.06,7.61,1411.92,31.67,3.12,1.76,0.01,12.67,8.00,13.55,21.29,125.66,39.71,2.47,75.28,2.03,2377.51,10419.06,0.00,55.57,3.24,-85.77,3.00,14.74
Vibrant Glo. Cap,538732,,Finance & Investments,44.85,12.61,102.74,33.41,20.81,36.46,74.98,0.60,77.48,4.75,2.98,0.31,0.30,3.08,8.00,19.69,8.53,3.56,21.48,1.40,10.78,2.29,66.57,150.74,0.00,71.53,7.83,65.65,6.00,25.93
Vikram Thermo,530477,,Chemicals,184.15,18.05,577.45,30.67,8.08,24.89,33.49,5.50,46.37,14.23,3.86,0.43,0.06,10.86,8.00,20.01,19.75,2.85,29.91,3.35,113.51,3.14,90.64,581.59,0.00,65.94,7.77,16.30,6.00,18.74
Vinati Organics,524200,VINATIORGA,Chemicals,1778.20,44.39,18433.82,20.56,40.05,15.75,270.75,6.57,493.97,46.80,3.28,9.95,0.02,11.76,8.00,18.47,11.64,40.05,29.91,2.55,96.40,10.37,931.85,18492.93,0.84,74.28,2.97,632.99,4.00,13.64
Virat Crane Inds,519457,,Food - Processing - Indian,50.46,11.03,103.04,18.45,4.96,17.15,33.47,1.51,58.69,10.40,2.71,1.34,0.01,5.48,8.00,7.53,16.53,4.57,31.16,2.33,43.07,2.04,66.29,103.01,0.00,74.50,11.24,-3.91,3.00,12.77
Virtual Galaxy,,VGINFOTECH,Computers - Software - Medium / Small,,21.55,353.13,34.29,14.90,48.03,,,,,1.33,,0.87,6.76,8.00,25.81,14.36,14.90,30.73,1.33,145.71,2.49,,389.22,0.00,64.72,6.44,7.21,2.00,16.20
Voler Car,,VOLERCAR,Miscellaneous,98.30,28.38,109.54,149.21,281.19,389.90,,,,0.34,2.31,,0.04,13.03,8.00,12.49,5.72,281.19,26.75,2.31,43.59,1.11,,104.55,0.00,67.87,4.97,8.37,2.00,35.71
Walpar Nutrition,,WALPAR,Pharmaceuticals - Indian - Bulk Drugs & Formln,44.00,17.81,41.32,16.08,2.47,15.09,17.64,2.50,31.31,62.73,1.40,,0.47,4.05,8.00,3.89,38.93,2.47,30.75,0.97,107.73,0.94,52.13,47.58,0.00,68.52,8.76,1.12,4.00,6.60
Welspun Corp,532144,WELCORP,Steel - Large,781.90,13.91,20581.32,20.19,42.44,19.80,230.14,3.40,540.20,15.55,1.48,0.15,0.37,5.20,8.00,6.02,34.34,56.36,21.81,0.79,37.87,26.32,695.02,22189.61,0.00,50.01,9.33,-970.05,4.00,7.71
Welspun Living,514162,WELSPUNLIV,Textiles - Products,149.07,22.71,14486.75,16.10,7.01,15.62,46.90,3.18,84.23,18.19,1.55,1.73,0.69,4.67,8.00,6.94,9.66,6.72,23.77,0.94,47.31,97.18,81.89,17420.04,0.00,66.24,6.64,865.51,3.00,7.46
Yug Decor,540550,,Chemicals,35.90,,38.73,20.56,1.20,16.82,10.21,3.51,,50.78,1.57,,0.89,4.41,8.00,4.71,20.89,-0.09,29.91,1.21,133.82,1.08,,48.53,0.00,69.48,0.56,1.44,5.00,8.49
Zydus Lifesci.,532321,ZYDUSLIFE,Pharmaceuticals - Indian - Bulk Drugs & Formln,902.70,20.03,90832.74,22.34,38.36,20.67,216.89,4.16,469.08,22.09,2.27,1.21,0.01,7.20,8.00,20.33,10.72,45.09,30.75,1.58,97.47,100.62,479.81,89429.64,0.00,74.98,6.74,5092.30,5.00,14.61
